"","gene_name","hi_mean","lo_mean","FC","hi_SD","lo_SD","estimate","statistic","p.value","parameter","conf.low","conf.high","method","alternative"
"1","CCL22",112.722738316174,0.963255996695474,117.022617770227,404.25855880368,0.203780089583706,111.759482319478,5.02205819033689,8.39767431876492e-07,329.0011739366,67.981947539571,155.537017099386,"Welch Two Sample t-test","two.sided"
"2","IL1RN",74.0664515678158,0.986100719446155,75.110432542241,201.819568524868,0.37304377662585,73.0803508483696,6.57792793482626,1.87761309633457e-10,329.015783487728,51.2248832769773,94.9358184197619,"Welch Two Sample t-test","two.sided"
"3","CCR8",528.257053723329,7.22549897314648,73.1101140124153,280.696857420493,4.25347982818678,521.031554750183,33.6925307775045,7.43335336037741e-109,330.055573214216,490.610523604607,551.452585895758,"Welch Two Sample t-test","two.sided"
"4","IL1RL1",56.6344177932763,0.993924214840682,56.9806197974101,311.753565167822,0.288739897623091,55.6404935784356,3.24216570263898,0.00130776263263875,329.003963005436,21.880339977095,89.4006471797762,"Welch Two Sample t-test","two.sided"
"5","CXorf21",45.0453809853104,0.86623220325218,52.0015081593505,123.669614666916,0.219436084010021,44.1791487820582,6.48942931117281,3.16844189508607e-10,329.014544624545,30.7867172873507,57.5715802767657,"Welch Two Sample t-test","two.sided"
"6","IL17RB",41.5929416259832,0.92611396183002,44.9112564330579,265.334536539179,0.224417883705327,40.6668276641532,2.78421258469284,0.00567624467943984,329.003304932742,11.9334584366275,69.4001968916789,"Welch Two Sample t-test","two.sided"
"7","SH3RF2",27.3280730143102,0.942582991776508,28.992749978232,108.040022332875,0.16018855897018,26.3854900225337,4.43643494144367,1.24903454455309e-05,329.010155820416,14.6856569870532,38.0853230580141,"Welch Two Sample t-test","two.sided"
"8","ADNP2",15.3968970602946,0.771631740205035,19.9536854927758,61.0738580700323,0.321751669215533,14.6252653200895,4.34973757622966,1.82035029206897e-05,329.128148153411,8.01089144820845,21.2396391919706,"Welch Two Sample t-test","two.sided"
"9","EBI3",72.7557794699108,3.91071794913846,18.6042001535649,143.939267802021,16.2332327179029,68.8450615207723,8.32484320381088,1.66186503417832e-15,369.319690797566,52.5831954254871,85.1069276160576,"Welch Two Sample t-test","two.sided"
"10","TTC38",10.8152356750201,0.610595447002744,17.7126045208972,34.2534122801439,0.605032245483563,10.2046402280173,5.40599526527932,1.23731544441267e-07,330.431660442371,6.49130843063259,13.917972025402,"Welch Two Sample t-test","two.sided"
"11","TRMT6",20.8231980070427,1.17870481323637,17.6661686396856,67.7561044691855,2.18365408059937,19.6444931938064,5.24773060115944,2.74418108743831e-07,333.68915093622,12.280804292599,27.0081820950137,"Welch Two Sample t-test","two.sided"
"12","ACADS",11.901669090663,0.676166393565384,17.6016868095237,35.3006524865529,0.275463712151541,11.2255026970976,5.77546845076266,1.77638079741345e-08,329.280952688114,7.40196055477847,15.0490448394168,"Welch Two Sample t-test","two.sided"
"13","CPM",18.1566053971356,1.03412064979758,17.5575310295656,77.3424029670033,1.03838102476439,17.1224847473381,4.01912441617097,7.24228923968417e-05,329.829509040744,8.74179098124952,25.5031785134266,"Welch Two Sample t-test","two.sided"
"14","GPR82",17.2577329912881,0.991916207723988,17.3983778638793,77.9673395379189,1.11332041155199,16.2658167835641,3.78712359327593,0.000181055275185254,329.937850778842,7.81671569109259,24.7149178760356,"Welch Two Sample t-test","two.sided"
"15","CLIP4",7.48287722131655,0.43745185789368,17.1056016480223,31.3257284308386,0.299173311370694,7.04542536342287,4.08435977762247,5.55458420400445e-05,329.420559699246,3.65206605695237,10.4387846698934,"Welch Two Sample t-test","two.sided"
"16","FAM210B",12.1595917957165,0.729313046655485,16.6726645731603,46.2636147677251,0.379098471556899,11.4302787490611,4.48716332471723,9.98865684832305e-06,329.309767562265,6.41918990551171,16.4413675926104,"Welch Two Sample t-test","two.sided"
"17","BBS9",9.61442619534455,0.577845842359073,16.6383929597786,35.2618524490602,0.0759142921913005,9.03658035298547,4.65531308865051,4.69863470124825e-06,329.021410920654,5.2179837438825,12.8551769620884,"Welch Two Sample t-test","two.sided"
"18","CPEB2",13.5413365720541,0.821283076894681,16.4880258135291,48.1731138829788,0.149451683479234,12.7200534951594,4.79652280835529,2.45114230090195e-06,329.04445737903,7.50317317463204,17.9369338156867,"Welch Two Sample t-test","two.sided"
"19","TMEM192",11.6862673785164,0.709976039424672,16.4600870023534,46.0608129771409,0.542070972034023,10.9762913390917,4.32683102908772,2.00802175623673e-05,329.637950642988,5.98593849277068,15.9666441854128,"Welch Two Sample t-test","two.sided"
"20","PLOD1",12.4598138756833,0.761304155807254,16.3664072770909,55.0662956265685,0.0930189560629497,11.6985097198761,3.85920010307609,0.000136914031269814,329.013182154782,5.73527581224431,17.6617436275079,"Welch Two Sample t-test","two.sided"
"21","IRGQ",14.0226875983388,0.870339537771655,16.1117437388186,72.1639560404193,0.175606137654752,13.1523480605671,3.3107844129528,0.00103362823743642,329.027354270544,5.33749305228564,20.9672030688486,"Welch Two Sample t-test","two.sided"
"22","TNFRSF8",74.2083518818365,4.6631178614555,15.9138915392273,150.400751116728,18.1463176475757,69.545234020381,8.00096145234206,1.58631389434936e-14,371.903343398346,52.4533897770796,86.6370782636824,"Welch Two Sample t-test","two.sided"
"23","PNO1",16.8201290413726,1.07071276118439,15.7092823128088,41.4566128296909,3.82745601594796,15.7494162801882,6.70356532804028,7.86689766898367e-11,360.327642921229,11.1291404926736,20.3696920677028,"Welch Two Sample t-test","two.sided"
"24","ACOT4",12.4067796560215,0.819438523970908,15.1405862588686,53.435282090038,0.198362813243973,11.5873411320506,3.93905139139956,9.9905458067408e-05,329.063646858515,5.80051408902778,17.3741681750733,"Welch Two Sample t-test","two.sided"
"25","THOP1",10.8009232370957,0.718176641392793,15.039368610136,39.0834254479557,0.0730716510926504,10.0827465957029,4.68638401231382,4.07731309682542e-06,329.016148113206,5.85031870525961,14.3151744861462,"Welch Two Sample t-test","two.sided"
"26","FAM200A",11.8197775043725,0.786559953158756,15.0271793738104,61.2569129460409,0.16715644611073,11.0332175512138,3.27184478166372,0.00118181425371341,329.034396017509,4.39948454188108,17.6669505605465,"Welch Two Sample t-test","two.sided"
"27","KLF8",14.2702923845119,0.952572277688303,14.9807974877696,72.9953358312439,0.284752498492569,13.3177201068236,3.31412238389376,0.00102175069558332,329.070281988739,5.41257829195044,21.2228619216967,"Welch Two Sample t-test","two.sided"
"28","MAP7D1",8.38447089882584,0.56630751666483,14.8055087599839,24.5760731832755,0.274669455515241,7.81816338216101,5.776421293838,1.76603171613759e-08,329.575522241037,5.15565031233337,10.4806764519886,"Welch Two Sample t-test","two.sided"
"29","ZFYVE1",15.4781780651033,1.07005862683673,14.464794429871,60.2091007574491,2.06985326324711,14.4081194382666,4.32920036566271,1.98008748900586e-05,334.3180643616,7.8614143893378,20.9548244871953,"Welch Two Sample t-test","two.sided"
"30","CLIC4",14.0213819177389,0.973005277050545,14.4103863035992,79.3454137216882,0.193943402624291,13.0483766406884,2.98732529413688,0.00302572028156279,329.027598932809,4.45581809161963,21.6409351897571,"Welch Two Sample t-test","two.sided"
"31","ERLIN1",12.8392967875429,0.922199685021133,13.9224692830476,51.3444251839146,0.733349551555279,11.9170971025218,4.21330929861885,3.25153090852388e-05,329.938325065084,6.35304429904479,17.4811499059988,"Welch Two Sample t-test","two.sided"
"32","BYSL",12.3989592781073,0.901976492203267,13.7464328452954,43.3780729900197,0.606506118436464,11.496982785904,4.8114141666293,2.2841275888734e-06,329.899349300727,6.79635964780002,16.197605924008,"Welch Two Sample t-test","two.sided"
"33","IER3",11.5687211008796,0.848340932973437,13.6368771695729,54.977746067419,0.140299253400216,10.7203801679062,3.54217730978199,0.000454157903360769,329.030082764053,4.76666011691742,16.674100218895,"Welch Two Sample t-test","two.sided"
"34","CHDH",12.6113931267694,0.934608071021457,13.4937772503784,58.447061286314,0.0246393785020982,11.6767850557479,3.62925350636025,0.000329442340160274,329.000821059154,5.34750017962237,18.0060699318735,"Welch Two Sample t-test","two.sided"
"35","HMBS",12.0344153775559,0.904589825159795,13.3037262224678,47.5751948860256,0.708362366081135,11.1298255523961,4.24645974336013,2.82728224901734e-05,330.019294807369,5.9739187283685,16.2857323764237,"Welch Two Sample t-test","two.sided"
"36","COCH",37.0728532463215,2.82030096400429,13.1449989626941,230.880000643338,4.62653308877065,34.2525522823172,2.69123877890056,0.00748043015247101,330.838963355257,9.21565774556364,59.2894468190707,"Welch Two Sample t-test","two.sided"
"37","SLC35C1",12.7690103625433,0.992769798469942,12.8620052526003,50.181150259557,1.01404292401284,11.7762405640734,4.25697723722223,2.70237866128777e-05,330.86982355305,6.33441086792335,17.2180702602235,"Welch Two Sample t-test","two.sided"
"38","MCUR1",15.5684068130163,1.21206083880963,12.8445753831187,45.2361931055073,2.8798099186262,14.3563459742067,5.68488925941859,2.78451411108697e-08,345.986618620529,9.38937229634178,19.3233196520716,"Welch Two Sample t-test","two.sided"
"39","FAM214B",10.8308359897397,0.845623960656799,12.8080996916494,52.9458853071332,0.201515447477185,9.98521202908288,3.42578388022968,0.000690700579298694,329.066904957779,4.25137070432201,15.7190533538437,"Welch Two Sample t-test","two.sided"
"40","SPTSSA",10.6615675075049,0.848309095827773,12.5680221512907,49.6832151329729,0.125532527161016,9.81325841167711,3.58798632871247,0.000383880226229376,329.029490031928,4.43290283146535,15.1936139918889,"Welch Two Sample t-test","two.sided"
"41","DOLK",10.3905741565048,0.829462406013739,12.5268777477694,49.8571817691237,0.255083023816051,9.56111175049102,3.48335496181599,0.000562120781670655,329.12086593927,4.16154717157533,14.9606763294067,"Welch Two Sample t-test","two.sided"
"42","ITIH4",11.1197362493612,0.892405368600128,12.4604094065505,46.131086926925,0.286153651135401,10.2273308807611,4.02686371679707,7.02184207807236e-05,329.177620008989,5.23109221168822,15.2235695498339,"Welch Two Sample t-test","two.sided"
"43","OXR1",6.87978915120934,0.552233149629985,12.4581241742171,29.5157604821794,0.448274735463343,6.32755600157935,3.89123618532963,0.000120659914317389,330.060340571358,3.12872039746798,9.52639160569073,"Welch Two Sample t-test","two.sided"
"44","FKRP",9.368930813953,0.758824008281487,12.3466452190553,37.7980373918476,0.100342037951809,8.61010680567151,4.13795262229281,4.45547942915403e-05,329.032553912599,4.5168260577026,12.7033875536404,"Welch Two Sample t-test","two.sided"
"45","RAPGEF2",9.8313330237652,0.799397471548248,12.2984289714154,49.7019311277878,0.0836491753665656,9.03193555221695,3.30111168695838,0.00106873869853107,329.01308555677,3.6496192702296,14.4142518342043,"Welch Two Sample t-test","two.sided"
"46","SLC35G2",11.3756367360887,0.932441869165282,12.1998347696164,60.3500314210138,0.0144376784249145,10.4431948669235,3.14349492844966,0.00182142571045934,329.000264412003,3.90783836554845,16.9785513682985,"Welch Two Sample t-test","two.sided"
"47","HIP1",20.5988653579238,1.69951407796258,12.1204440875349,56.4098258400158,4.40398983002614,18.8993512799612,5.96004463360943,6.1095372996097e-09,353.136345572046,12.6629152233747,25.1357873365477,"Welch Two Sample t-test","two.sided"
"48","EGR2",9.14943068326698,0.756111416446111,12.1006381920158,41.3070553150095,0.294564208730463,8.39331926682087,3.69053185747408,0.000261799317808318,329.234679852433,3.91935708940299,12.8672814442387,"Welch Two Sample t-test","two.sided"
"49","DLAT",14.1847964355441,1.18589145855923,11.9612940401625,54.4615559532319,2.01590987867179,12.9989049769849,4.31513817252542,2.10192202692915e-05,335.138624067776,7.07331822421813,18.9244917297516,"Welch Two Sample t-test","two.sided"
"50","RASGEF1A",10.8056113482043,0.906805465502573,11.9161294889369,45.7228028313243,0.716288596226403,9.89880588270176,3.92946183022533,0.000103722804289495,330.127807536088,4.94324379029304,14.8543679751105,"Welch Two Sample t-test","two.sided"
"51","RFC4",9.12136294975947,0.769839276018957,11.8483990540577,29.5188289371856,1.04671010199403,8.35152367374052,5.11699463832239,5.24277365444216e-07,334.648038531428,5.14102599497104,11.56202135251,"Welch Two Sample t-test","two.sided"
"52","GAN",10.6754984355505,0.902719839192051,11.825926463636,49.5954146614624,0.0186768734349207,9.77277859635848,3.5795900143588,0.000395949643265311,329.000655188017,4.40204716773578,15.1435100249812,"Welch Two Sample t-test","two.sided"
"53","C15orf41",9.77164987569258,0.826411148502903,11.8241989999706,50.442877437229,0.0405549295101754,8.94523872718968,3.22142531739307,0.00140303625179528,329.002986231757,3.48272527011408,14.4077521842653,"Welch Two Sample t-test","two.sided"
"54","ZNF841",8.08106024178393,0.68579122067326,11.7835574416519,42.6737443616781,0.140587579949188,7.39526902111067,3.14799220713727,0.00179442582138952,329.050131713361,2.77392019569138,12.01661784653,"Welch Two Sample t-test","two.sided"
"55","PLAGL2",28.6735753878197,2.50963027557606,11.4254181848512,78.758020226811,12.1626289501981,26.1639451122436,5.58530034486121,4.49944045457052e-08,373.503597689751,16.9527845134434,35.3751057110439,"Welch Two Sample t-test","two.sided"
"56","NSDHL",10.1992497279608,0.893004055849223,11.4212804087004,42.6266635239148,0.690355960791722,9.30624567211154,3.96232968139626,9.09852295312648e-05,330.20489070467,4.68598242076429,13.9265089234588,"Welch Two Sample t-test","two.sided"
"57","TMEM234",9.27329774744168,0.819191610313733,11.3200594716665,34.3966110127837,0.710736629523362,8.45410613712795,4.45819459788908,1.13323530990897e-05,330.954234743244,4.72377080828106,12.1844414659748,"Welch Two Sample t-test","two.sided"
"58","RFT1",15.367943348887,1.3610127385954,11.2915499709042,54.789838184104,3.37515539328431,14.0069306102916,4.58342298770727,6.40352308412388e-06,345.013694540405,7.99619965309096,20.0176615674923,"Welch Two Sample t-test","two.sided"
"59","BCL2A1",6.80994649415344,0.605251556974319,11.2514316001047,32.5424156456368,0.244127098856992,6.20469493717913,3.46291498496199,0.000604928731555989,329.259684302976,2.6799637116655,9.72942616269275,"Welch Two Sample t-test","two.sided"
"60","HBEGF",10.5490455098474,0.942889766713074,11.1879944848924,42.1419443424925,0.149416567518744,9.6061557431343,4.14069134703238,4.40514532654629e-05,329.058062053699,5.04237103958798,14.1699404466806,"Welch Two Sample t-test","two.sided"
"61","TMEM64",16.4000997491289,1.46868310355201,11.1665339578465,51.0687829701405,5.27231747181885,14.9314166455769,5.12308376899876,4.8769586930341e-07,365.446457214238,9.20004803501746,20.6627852561364,"Welch Two Sample t-test","two.sided"
"62","HEG1",8.64107062679441,0.788073351528621,10.9648050020133,36.4022769553622,1.38550018852691,7.85299727526579,3.89911797737809,0.000116615648686089,335.478459365695,3.89124993883091,11.8147446117007,"Welch Two Sample t-test","two.sided"
"63","LACC1",12.448193102142,1.14339903797574,10.8870068005131,54.8637837387413,1.93776943946497,11.3047940641663,3.72683515191746,0.000227573409229718,334.604987878792,5.33795560041788,17.2716325279147,"Welch Two Sample t-test","two.sided"
"64","PHLDB2",8.74360429756452,0.806223925102644,10.8451312660454,49.2655878066222,0.165054879262779,7.93738037246188,2.92666747477096,0.00366453624240065,329.051844901622,2.6021616828221,13.2725990621017,"Welch Two Sample t-test","two.sided"
"65","NDUFAF6",6.90373256454461,0.639814549281359,10.7902087758068,26.3875467858826,0.152838700333398,6.26391801526325,4.31174308236388,2.14305095400706e-05,329.154880110416,3.40605701614363,9.12177901438287,"Welch Two Sample t-test","two.sided"
"66","ZNF436",10.2227235574537,0.95299004493178,10.7269993131833,54.3039604867275,0.407179885551007,9.2697335125219,3.10032349725593,0.00209997039974366,329.259431933269,3.38796889366324,15.1514981313806,"Welch Two Sample t-test","two.sided"
"67","LINC00888",13.7712929792537,1.2908167042135,10.6686665382477,53.0665901680903,2.60192970815142,12.4804762750402,4.23674335164418,2.92501358116892e-05,339.50872488708,6.68621544014392,18.2747371099365,"Welch Two Sample t-test","two.sided"
"68","SETBP1",11.2209845099619,1.05563364394136,10.6296200148252,42.7688850434413,1.2089557238008,10.1653508660205,4.30562866966643,2.19368740240926e-05,332.62701091969,5.5210859555243,14.8096157765167,"Welch Two Sample t-test","two.sided"
"69","ZNF287",8.13624251041565,0.767700035357206,10.598205204758,41.3792988870415,0.185971116556004,7.36854247505845,3.23463021835913,0.00134162713970959,329.093277554258,2.88723065733281,11.8498542927841,"Welch Two Sample t-test","two.sided"
"70","MIR155HG",22.1859974814299,2.0938515091891,10.595783599775,76.537992699954,7.59330460862087,20.0921459722408,4.61206681043048,5.53108947532943e-06,363.623368794531,11.5251856893671,28.6591062551144,"Welch Two Sample t-test","two.sided"
"71","RPUSD4",9.71320515412556,0.92165356233675,10.5388896121649,37.1662817755834,1.95790951653526,8.7915515917888,4.25581693202579,2.69504310322903e-05,341.020092214388,4.72829035894932,12.8548128246283,"Welch Two Sample t-test","two.sided"
"72","B4GALT4",12.2915380727266,1.19017764265916,10.3274819087209,48.6542089672866,2.69701009729554,11.1013604300674,4.10088639913774,5.1468809495477e-05,342.209915427482,5.77678185414248,16.4259390059923,"Welch Two Sample t-test","two.sided"
"73","TRIM6-TRIM34",7.00858531662296,0.681565562348632,10.2830684292085,38.9481186996692,0.121887524016261,6.32701975427432,2.95090170982951,0.00339582223728958,329.045237190785,2.10915264430266,10.544886864246,"Welch Two Sample t-test","two.sided"
"74","ZNF324",7.63790862898432,0.743728238761888,10.2697574610041,41.5215329726671,0.229218885180455,6.89418039022243,3.01591969650546,0.00276140584285276,329.140705123883,2.39730503069689,11.391055749748,"Welch Two Sample t-test","two.sided"
"75","TRIM34",6.97837623831946,0.67994288520105,10.2631800261518,38.9166747126633,0.121739151250829,6.29843335311841,2.93994269103026,0.0035150259934129,329.045200085184,2.08397157117123,10.5128951350656,"Welch Two Sample t-test","two.sided"
"76","TEX261",7.50333882236251,0.73512518230927,10.2068858514574,35.6237719108538,0.515923772968745,6.76821364005324,3.44882831089673,0.000636044900598795,329.964616435094,2.90768780521985,10.6287394748866,"Welch Two Sample t-test","two.sided"
"77","FBXL12",7.9765448447861,0.793778589137014,10.0488284188392,30.2476772127475,1.15969725524198,7.18276625564908,4.29167658123833,2.32306917645685e-05,335.570595200346,3.89059802585056,10.4749344854476,"Welch Two Sample t-test","two.sided"
"78","FDXACB1",10.0050923270612,0.99692973947827,10.035905170506,53.1730998160885,1.21884370045415,9.00816258758289,3.07186120347251,0.00230346826932724,331.39969000741,3.23954588083545,14.7767792943303,"Welch Two Sample t-test","two.sided"
"79","IDUA",7.49634718046762,0.74770490661,10.0258098003598,34.8878129359508,0.117611910889054,6.74864227385762,3.51384262315015,0.000503481081390396,329.052491679171,2.97046342589989,10.5268211218154,"Welch Two Sample t-test","two.sided"
"80","ZFP57",13.4501123110901,1.35230369531431,9.9460737685583,69.6410123159618,3.12673641734903,12.0978086157758,3.13362284780268,0.00187777514537283,337.894885366193,4.50388115644092,19.6917360751107,"Welch Two Sample t-test","two.sided"
"81","BPHL",8.98736327881066,0.908411920611368,9.89348892819691,39.0870741381664,0.673321396647274,8.07895135819929,3.75082536257108,0.000208087628743164,330.362117674307,3.84183681152181,12.3160659048768,"Welch Two Sample t-test","two.sided"
"82","PAICS",21.3839515365076,2.19568940860494,9.73906029363876,62.4364250518163,10.761965286945,19.1882621279026,5.07823180957283,6.07651463425329e-07,366.508926428139,11.7579386360387,26.6185856197666,"Welch Two Sample t-test","two.sided"
"83","CETN2",7.12316986271436,0.733349150937841,9.71320394058535,23.6726021281527,0.162248135903991,6.38982071177652,4.9026177699901,1.48775406568664e-06,329.21680446678,3.82587840620929,8.95376301734375,"Welch Two Sample t-test","two.sided"
"84","MAFG",8.53030160767384,0.884228968455312,9.64716370079539,49.444638515661,0.151822889238692,7.64607263921853,2.80906513109436,0.00526555419492102,329.043550145194,2.29149691066075,13.0006483677763,"Welch Two Sample t-test","two.sided"
"85","MIER3",7.21564837930559,0.749992668883619,9.62095854889654,35.5967940655503,0.247393795971489,6.46565571042197,3.29902061477986,0.00107640237792516,329.222917497678,2.61020525382479,10.3211061670192,"Welch Two Sample t-test","two.sided"
"86","EML2",21.7333059828383,2.26570507763218,9.59229257037774,47.03264804422,7.06881372224821,19.4676009052061,6.98558408140055,1.3037955037344e-11,374.296270950725,13.9878050797836,24.9473967306287,"Welch Two Sample t-test","two.sided"
"87","SLC39A7",8.29416006741466,0.865858448047202,9.57911779473971,34.9187043726488,0.110354187580632,7.42830161936746,3.86432060969759,0.000134193960600296,329.046132783633,3.64679539001971,11.2098078487152,"Welch Two Sample t-test","two.sided"
"88","MCEE",8.90840042174132,0.938029913661977,9.49692572912073,26.9607113529192,1.01841841898547,7.97037050807935,5.34366782372189,1.68581001698259e-07,335.38447885726,5.03639015468016,10.9043508614785,"Welch Two Sample t-test","two.sided"
"89","ARHGAP35",7.17044211035914,0.757944085863736,9.46038400997332,26.1929705869006,1.33054270208545,6.4124980244954,4.40758254999937,1.4031868840815e-05,340.230706343785,3.55080838191186,9.27418766707894,"Welch Two Sample t-test","two.sided"
"90","ZBTB21",8.04497184690173,0.854644060965658,9.41324255832511,33.7586614703689,1.24747364353959,7.19032778593607,3.85077766050896,0.00014103783704233,335.118541399873,3.51733869931928,10.8633168725529,"Welch Two Sample t-test","two.sided"
"91","COA7",8.64617598250573,0.919142959935643,9.40678040237737,40.0224249428614,0.156065706661007,7.72703302257009,3.50705968614479,0.000516008412260726,329.070227540139,3.39274332526988,12.0613227198703,"Welch Two Sample t-test","two.sided"
"92","PRDM8",7.31000314605286,0.781369620339423,9.35537158825989,30.3406288158814,0.126568216272798,6.52863352571344,3.9086623275503,0.000112702250875586,329.080367199177,3.24282378394893,9.81444326747794,"Welch Two Sample t-test","two.sided"
"93","MMP9",8.71254069554738,0.931509775343362,9.35313930799692,32.8028104621636,0.0221787744200871,7.78103092020402,4.30905819613566,2.16808909309661e-05,329.002111984205,4.22878161561217,11.3332802247959,"Welch Two Sample t-test","two.sided"
"94","NIF3L1",14.4613879237982,1.54985448632549,9.33080366666185,49.2148595961682,6.49001406301472,12.9115334374727,4.49907058216415,9.12137434819634e-06,374.332494287975,7.26853995611175,18.5545269188336,"Welch Two Sample t-test","two.sided"
"95","ABAT",10.2468963521085,1.11816266266188,9.16404803547531,37.6340307642393,2.11201891292028,9.12873368944657,4.35850238968716,1.73362167449696e-05,342.513429641378,5.00909944605238,13.2483679328408,"Welch Two Sample t-test","two.sided"
"96","MED22",8.77150849841925,0.957192507430895,9.16378725316393,39.0638785005613,1.06725286441213,7.81431599098836,3.62441165707306,0.000334942180583976,332.392205771967,3.57314527788267,12.055486704094,"Welch Two Sample t-test","two.sided"
"97","BAG2",7.18896014823537,0.788581790543973,9.11631518054245,34.6731614247889,0.0365881265407537,6.40037835769139,3.35326193293154,0.000891792375077044,329.005144284661,2.64557834385976,10.155178371523,"Welch Two Sample t-test","two.sided"
"98","TIPIN",7.72585921327717,0.853141287968422,9.05577929732447,33.953467774745,0.24618198518428,6.87271792530875,3.67638694803614,0.000276131640661593,329.242600911497,3.19520007694004,10.5502357736775,"Welch Two Sample t-test","two.sided"
"99","FAAP100",12.3827308204766,1.36840626872541,9.04901643867094,36.6439475894698,5.33544947761941,11.0143245517511,5.0942542139102,5.55962022482571e-07,374.834228522096,6.7629447849955,15.2657043185068,"Welch Two Sample t-test","two.sided"
"100","MOCS3",7.78418707326806,0.865159998410447,8.9973959586318,45.220269404537,0.172469964839033,6.91902707485761,2.77937199537356,0.00575946574977448,329.067184042958,2.02184002946932,11.8162141202459,"Welch Two Sample t-test","two.sided"
"101","AIFM2",7.57790272553024,0.845759347787132,8.95988054445662,34.7174803314465,0.187570636381242,6.73214337774311,3.52222932591925,0.000488365643498112,329.134772494544,2.97217893294185,10.4921078225444,"Welch Two Sample t-test","two.sided"
"102","TSPOAP1",5.99079849493362,0.66866326487763,8.95936536311737,28.7987721720504,0.0709644049967856,5.32213523005599,3.35706419171266,0.000880015490013574,329.028049052699,2.20342668938344,8.44084377072854,"Welch Two Sample t-test","two.sided"
"103","ZNF41",7.18906542755349,0.802840640068357,8.95453601718691,43.7945453243819,0.203413062816504,6.38622478748514,2.64879446280005,0.00846741176188005,329.099622431023,1.6433231007445,11.1291264742258,"Welch Two Sample t-test","two.sided"
"104","E2F4",17.1022400702573,1.91234138656547,8.9430894454324,44.7310351076099,8.82035412494182,15.1898986836918,5.46748857328805,8.73014942817551e-08,347.773078815007,9.72566688753342,20.6541304798501,"Welch Two Sample t-test","two.sided"
"105","MTCP1",6.86427995620484,0.767808897066841,8.94008910606212,27.750252129471,0.0882328511615722,6.096471059138,3.99073730045398,8.12469486116465e-05,329.046695376755,3.09126804848723,9.10167406978877,"Welch Two Sample t-test","two.sided"
"106","PYCR3",8.21929711548608,0.919561629694111,8.93827759888176,34.659522107486,0.300836128810495,7.29973548579197,3.82495816026001,0.000156443269114057,329.347495118297,3.54544900845315,11.0540219631308,"Welch Two Sample t-test","two.sided"
"107","MOSPD2",14.8893832676255,1.67341293646702,8.89761453563317,48.5427139579919,7.3619613040688,13.2159703311585,4.58905835619951,6.08664756110119e-06,374.068230976762,7.55317323640658,18.8787674259104,"Welch Two Sample t-test","two.sided"
"108","NACC2",8.06755178563336,0.907462813010897,8.89022852502991,40.5538997238975,0.102821293113135,7.16008897262246,3.20725111760515,0.00147179150616183,329.029694946305,2.7683757234674,11.5518022217775,"Welch Two Sample t-test","two.sided"
"109","CES4A",7.77030411608437,0.878758568246884,8.84236512377462,37.1501711581096,0.387097242916507,6.89154554783748,3.36858344699411,0.000845100966058558,329.500425111762,2.8670119990043,10.9160790966707,"Welch Two Sample t-test","two.sided"
"110","FAM241B",9.33848071959532,1.06068307478647,8.80421394625841,39.8311720557446,1.58911972330748,8.27779764480884,3.75435495854654,0.000204729060535482,336.094607311177,3.94074897222152,12.6148463173962,"Welch Two Sample t-test","two.sided"
"111","ZBED6CL",13.1287638999662,1.49800785437107,8.76414890726878,53.2899150902614,3.33472637259266,11.6307560455952,3.91138104827045,0.000110499839184075,345.472254658203,5.78218135136856,17.4793307398217,"Welch Two Sample t-test","two.sided"
"112","C5orf30",7.65427719416875,0.881057776969984,8.68759960384473,33.4961808180505,0.166950088066519,6.77321941719877,3.67298327380085,0.00027970559253113,329.114707423529,3.1455784160579,10.4008604183396,"Welch Two Sample t-test","two.sided"
"113","CMC4",6.54001932630183,0.753728827257932,8.67688628826157,23.6884582430866,0.0882905654634042,5.78629049904389,4.43710012420281,1.24533904633527e-05,329.064160335872,3.22092435647959,8.3516566416082,"Welch Two Sample t-test","two.sided"
"114","NIPAL4",9.47430055204643,1.09507521146731,8.65173501585489,45.6950750907205,0.951694659291833,8.37922534057912,3.32606786604734,0.000979729870298067,330.985097130655,3.42344768013451,13.3350030010237,"Welch Two Sample t-test","two.sided"
"115","ZNF682",8.48234317713871,0.983848996477616,8.62159051593005,46.7058434403832,1.63130340331458,7.49849418066109,2.90407478578074,0.00392829460538714,334.484602035767,2.4193722531361,12.5776161081861,"Welch Two Sample t-test","two.sided"
"116","MFN1",9.81117023468487,1.14321789059463,8.58206498988721,43.8378002329346,2.15590491564417,8.66795234409024,3.56178902022035,0.000420949477218496,339.568387208599,3.88113241696778,13.4547722712127,"Welch Two Sample t-test","two.sided"
"117","NAP1L5",7.29152681221752,0.850804656419547,8.57015386223032,33.0349260347848,0.163352844348632,6.44072215579797,3.54144840466082,0.000455352890733843,329.112906564793,2.86303993922947,10.0184043723665,"Welch Two Sample t-test","two.sided"
"118","ALDH1B1",7.45388352451798,0.886038277581186,8.41259764179318,45.884636138741,0.0932052667920084,6.56784524693679,2.60019727146331,0.00973720942107031,329.019061171626,1.598888838808,11.5368016550656,"Welch Two Sample t-test","two.sided"
"119","SLC19A2",7.30140800521914,0.875465788422718,8.34002664841275,37.1068445037892,0.275794447948407,6.42594221679642,3.14525277646303,0.00181071718173924,329.254909505625,2.40684337616302,10.4450410574298,"Welch Two Sample t-test","two.sided"
"120","NIPAL2",7.39254896647468,0.899558344766611,8.21797608735726,34.9477216512988,0.170897853010897,6.49299062170807,3.37478741946326,0.000827013533290291,329.110421337865,2.70815970400615,10.27782153941,"Welch Two Sample t-test","two.sided"
"121","CCDC126",15.882239252183,1.9558787988837,8.12025738059417,63.4847009049572,5.20787576851073,13.9263604532993,3.89403991834804,0.000117777031823663,355.153901185896,6.89291964070903,20.9598012658896,"Welch Two Sample t-test","two.sided"
"122","PGM3",11.0235438235652,1.35785249997023,8.11836618764332,53.5327936214765,3.39396870732357,9.66569132359501,3.23464393473827,0.00133541020929854,345.862034812744,3.7884037446858,15.5429789025042,"Welch Two Sample t-test","two.sided"
"123","NOL11",15.0871535430998,1.87346459610016,8.05307640961327,45.1234308235075,6.20861335188491,13.2136889469997,4.99779782812476,8.91602890594355e-07,374.900702469742,8.01495262095975,18.4124252730396,"Welch Two Sample t-test","two.sided"
"124","ZNF142",6.48421277560812,0.806408374044205,8.04085496172274,24.0813689937232,1.00239242386767,5.67780440156391,4.25726283724336,2.68714346656268e-05,336.697179504402,3.05441973365248,8.30118906947535,"Welch Two Sample t-test","two.sided"
"125","SELP",8.81981767670965,1.09755441729773,8.03588190043896,49.6778704261158,1.16060767959055,7.72226325941192,2.81843495760712,0.0051156774881339,331.4916738183,2.33245642462103,13.1120700942028,"Welch Two Sample t-test","two.sided"
"126","OSGIN2",9.26293638345592,1.16078646238338,7.97987974845678,38.9348742811758,2.30465156232514,8.10214992107254,3.73457447686635,0.000220023965593028,343.897873306845,3.83499548457923,12.3693043575659,"Welch Two Sample t-test","two.sided"
"127","BAHD1",6.83611820776405,0.864120720514148,7.91106849480081,35.3793051817344,0.130871415897614,5.97199748724991,3.0662419815393,0.00234726355776221,329.06319818164,2.14056171719397,9.80343325730584,"Welch Two Sample t-test","two.sided"
"128","TRIP10",7.11590065149391,0.90101702639163,7.89763172399915,32.3794214295847,0.0969059201345047,6.21488362510228,3.48664098212006,0.000555521237359844,329.041373321674,2.70838046020711,9.72138678999745,"Welch Two Sample t-test","two.sided"
"129","FAM78B",7.7473927500983,0.984136616239324,7.87227364804632,33.193914761437,0.204237669339701,6.76325613385898,3.70080854676201,0.00025183550657222,329.174759684179,3.16818877446064,10.3583234932573,"Welch Two Sample t-test","two.sided"
"130","ARRB1",10.852610774626,1.38485804359327,7.83662327329005,46.4417720228089,3.68428867423474,9.46775273103271,3.62414624570313,0.000332408244321776,353.777601739704,4.3299482400882,14.6055572219772,"Welch Two Sample t-test","two.sided"
"131","LRRFIP2",17.1644255380105,2.19169142021624,7.83158859850671,44.0128058990137,6.01078740798116,14.9727341177942,5.81107450142133,1.32774372965717e-08,374.835352847806,9.90635937180552,20.0391088637829,"Welch Two Sample t-test","two.sided"
"132","TUBGCP5",10.8934620657859,1.39361227183955,7.81670934298441,47.414243861421,5.48521558736612,9.49984979394636,3.47986438488295,0.000561441736363027,370.347515192433,4.1317064094349,14.8679931784578,"Welch Two Sample t-test","two.sided"
"133","DTD2",6.13131636577441,0.787525893817857,7.7855425629884,24.9006036971808,0.341825670158505,5.34379047195655,3.89591424318433,0.00011846807551088,329.867071491024,2.64552618917129,8.04205475474181,"Welch Two Sample t-test","two.sided"
"134","SIPA1L3",6.37218389118104,0.821198541694749,7.75961423169413,24.7144246851114,0.46874356276608,5.55098534948629,4.07501098271787,5.7665820098714e-05,330.648938374347,2.87131131522059,8.230659383752,"Welch Two Sample t-test","two.sided"
"135","RUSC1",8.67639855354619,1.11819139720361,7.7593143492646,43.7890217545971,2.29688781912739,7.55820715634258,3.1056724001676,0.00205765887869062,340.924143429497,2.77129191917699,12.3451223935082,"Welch Two Sample t-test","two.sided"
"136","B9D2",7.67526549352207,0.996232886272925,7.70428842420222,27.8979452757252,2.02226976436629,6.67903260724914,4.27101641156712,2.50958551309792e-05,350.313417961776,3.60340714933985,9.75465806515843,"Welch Two Sample t-test","two.sided"
"137","ZNF845",12.9210304619814,1.68051321962579,7.68874074365127,62.1180429407684,4.87103259175581,11.2405172423556,3.21845259998638,0.00140814863292846,353.31154954966,4.37177013684672,18.1092643478645,"Welch Two Sample t-test","two.sided"
"138","SLC39A4",5.90518680575282,0.768971504424507,7.67933112186286,21.0291217520556,0.0285999844659618,5.13621530132831,4.43686520512324,1.24668452740978e-05,329.008545037023,2.85893960899632,7.41349099366031,"Welch Two Sample t-test","two.sided"
"139","PDP2",9.51599788590602,1.24024892402974,7.67265159560649,56.3331293836424,2.10567498031453,8.27574896187628,2.65570944011107,0.00829223197230827,335.255913725813,2.14596034253169,14.4055375812209,"Welch Two Sample t-test","two.sided"
"140","WFS1",6.9851233604537,0.91409855555526,7.64154293648419,36.897811160649,0.119010969528062,6.07102480489844,2.98883893816833,0.00301115797802634,329.048052628003,2.07518630280491,10.066863306992,"Welch Two Sample t-test","two.sided"
"141","ADPRH",48.632914079631,6.36852273975244,7.63645135096455,118.270277570113,36.5554446863142,42.2643913398785,5.02225280061621,1.06235989810197e-06,217.734152814427,25.6782702013959,58.8505124783612,"Welch Two Sample t-test","two.sided"
"142","TCEANC2",7.80354742710275,1.02731001211582,7.596097901383,33.8487403311186,2.41977500195086,6.77623741498692,3.57312206732886,0.000402214300052232,349.812861508504,3.04636446748913,10.5061103624847,"Welch Two Sample t-test","two.sided"
"143","CLPB",6.42141605319757,0.848909872173751,7.56430837204737,32.0425091324334,0.031024893307994,5.57250618102382,3.1592179092467,0.00172871253293815,329.004331125235,2.10258490638202,9.04242745566562,"Welch Two Sample t-test","two.sided"
"144","ZNF565",6.95351546667448,0.920904503214473,7.55074542735192,39.0650384970268,0.573097515447725,6.03261096346001,2.80314876227144,0.00535991846849848,329.989673584066,1.79907717209232,10.2661447548277,"Welch Two Sample t-test","two.sided"
"145","CHCHD6",5.80873133776961,0.77234805605438,7.5208726068971,25.0050581598513,0.0168290132652448,5.03638328171523,3.65887172452355,0.000294936413522033,329.002092662993,2.32856044814414,7.74420611528633,"Welch Two Sample t-test","two.sided"
"146","C1orf131",13.5507949974845,1.8070155843534,7.49899177119342,41.0784238702806,5.9435422837282,11.7437794131311,4.84921918336594,1.81961734713721e-06,374.895237379812,6.98178932652371,16.5057694997384,"Welch Two Sample t-test","two.sided"
"147","DYRK3",10.2992663360294,1.37637644747203,7.48288475507258,58.0507047323329,3.14403398938441,8.92288988855739,2.76393706696551,0.00602047248107524,341.654976627254,2.57299314856035,15.2727866285544,"Welch Two Sample t-test","two.sided"
"148","DENND3",5.46352402904708,0.733634221661816,7.44720443475386,25.3062362631771,0.110204373378597,4.72988980738526,3.39509180441077,0.000769984848857551,329.08758032257,1.98927663548995,7.47050297928057,"Welch Two Sample t-test","two.sided"
"149","TRMT61A",7.40715945730186,0.995218263323552,7.44274872183867,36.4792325934276,1.10412261980454,6.41194119397831,3.18279411310995,0.00159606077709963,333.147416140435,2.44907242998685,10.3748099579698,"Welch Two Sample t-test","two.sided"
"150","TRMT44",6.66426077675682,0.899676053521114,7.4074004200451,24.4149769354821,0.609811662547209,5.7645847232357,4.27976186563393,2.45124357688965e-05,331.842953632516,3.11496619623913,8.41420325023228,"Welch Two Sample t-test","two.sided"
"151","TMEM99",6.58654727683832,0.889286288296262,7.40655440607001,31.905001256256,0.526973197517191,5.69726098854206,3.24077423311806,0.00131348776798084,330.252920750259,2.23898283575901,9.15553914132512,"Welch Two Sample t-test","two.sided"
"152","PHKA2",6.73745790697885,0.915037447061204,7.3630406368803,23.9226009043958,1.88377849218414,5.82242045991765,4.32810913870889,1.96044008996879e-05,353.478957167785,3.17670581128705,8.46813510854825,"Welch Two Sample t-test","two.sided"
"153","RHEBL1",7.37093862466315,1.00300738231029,7.34883785968272,29.9249720199081,0.81196943941984,6.36793124235286,3.85568889159356,0.000138557911278024,332.346644652099,3.11908691452618,9.61677557017954,"Welch Two Sample t-test","two.sided"
"154","AGPAT4",5.88085025643423,0.80048524464016,7.34660669364097,21.7150072046505,0.0502269891130451,5.08036501179407,4.24994932612181,2.78800474696293e-05,329.024714175131,2.728785267085,7.43194475650314,"Welch Two Sample t-test","two.sided"
"155","FANCG",11.2328372058785,1.53446522236441,7.32035958988381,42.0072787976601,5.05329374544408,9.69837198351408,3.99593360366338,7.77107707263539e-05,371.80033560917,4.92588559258347,14.4708583744447,"Welch Two Sample t-test","two.sided"
"156","EP400NL",5.93781484771464,0.815711504084016,7.27930747327435,32.5104989118496,0.443190695760911,5.12210334363062,2.86021394125572,0.00450337293921704,329.855114039171,1.59925191888766,8.64495476837359,"Welch Two Sample t-test","two.sided"
"157","ARHGAP26",7.2853563643813,1.00658534538709,7.23769365187774,28.7907010786523,2.58263671008492,6.27877101899421,3.85429451296417,0.000137486212585737,359.029520193941,3.07512647471974,9.48241556326869,"Welch Two Sample t-test","two.sided"
"158","GOLPH3L",7.44643635808004,1.03288563352396,7.20935224229479,38.4480108214248,1.83460643173697,6.41355072455608,3.00633694208694,0.0028414863684085,338.983598207889,2.21729133280525,10.6098101163069,"Welch Two Sample t-test","two.sided"
"159","UBE3D",8.44425427918418,1.17725445187224,7.1728369901298,37.0880405721422,2.50326682813414,7.26699982731194,3.503815959003,0.000518545740968507,347.83821309861,3.18779323770954,11.3462064169143,"Welch Two Sample t-test","two.sided"
"160","PAXIP1-AS1",5.24349134312436,0.731497989349908,7.16815551028967,25.0985913214933,0.318717074983292,4.51199335377445,3.26385124086936,0.001214321752897,329.742394536998,1.79253037147291,7.23145633607598,"Welch Two Sample t-test","two.sided"
"161","TNFRSF4",298.643872506953,41.902042330086,7.12719132290421,403.973470611465,53.1600811964945,256.741830176867,10.9014576219945,3.22815789165573e-24,374.292606628565,210.43268730481,303.050973048925,"Welch Two Sample t-test","two.sided"
"162","B3GALT2",11.8951353520373,1.68011827153121,7.07993928379604,68.5967893985517,3.68889669652696,10.2150170805061,2.67810305629129,0.00776196161837385,341.489313416379,2.71258900690507,17.7174451541072,"Welch Two Sample t-test","two.sided"
"163","PON2",13.2843080433897,1.87820603803521,7.07287048085864,49.9178560024994,7.87187618037299,11.4061020053545,3.82994089966165,0.000150344085330745,372.661958237645,5.55003517694089,17.2621688337681,"Welch Two Sample t-test","two.sided"
"164","SLC27A4",6.82951565041468,0.968077089510042,7.05472293933863,38.6494372561198,0.494679550105162,5.86143856090463,2.75339418247079,0.00622492659611299,329.754154118033,1.67368780017733,10.0491893216319,"Welch Two Sample t-test","two.sided"
"165","TRIP6",6.04294586539712,0.857266773248594,7.04908443202284,23.7273480715028,0.0193735435703711,5.18567909214853,3.97020004404904,8.82284217224864e-05,329.003080033549,2.6162188664748,7.75513931782225,"Welch Two Sample t-test","two.sided"
"166","ZNF23",7.30509035662536,1.03982230610114,7.02532568667056,41.0626040871774,1.57645091389976,6.26526805052422,2.75749354328654,0.00614346338020416,335.587604081479,1.79593885295853,10.7345972480899,"Welch Two Sample t-test","two.sided"
"167","CTTN",7.32868695795136,1.04406262482677,7.0193940321993,37.7331057461185,0.737239755953343,6.28462433312459,3.02156883141762,0.00271079854162808,330.749026853571,2.19308228847888,10.3761663777703,"Welch Two Sample t-test","two.sided"
"168","SPSB1",6.19127180969081,0.888931640950547,6.96484580419525,23.876527143343,0.508573886173249,5.30234016874027,4.02775242330986,6.98817295826706e-05,331.075389551023,2.71267608200651,7.89200425547401,"Welch Two Sample t-test","two.sided"
"169","ABHD15",5.18106564107034,0.747128446337722,6.93463843662614,26.5062364627398,0.167462437798197,4.43393719473262,3.03834853278887,0.00256912271152499,329.184249301735,1.5631584935179,7.30471589594733,"Welch Two Sample t-test","two.sided"
"170","C12orf4",6.35590386584099,0.920710298610894,6.90326140093182,28.083181143378,1.23353468255096,5.4351935672301,3.49223813916319,0.000542708056729553,337.530952088054,2.37379899973413,8.49658813472607,"Welch Two Sample t-test","two.sided"
"171","ALG8",22.6643988269559,3.28323672728864,6.90306569690226,62.2100561134155,12.0671271748944,19.3811620996672,5.03351592414674,7.71271379301665e-07,350.724153080206,11.8083404724705,26.9539837268639,"Welch Two Sample t-test","two.sided"
"172","GPRASP1",5.47395395869324,0.794500040728593,6.88980953817621,31.5231794011038,0.235028159857216,4.67945391796465,2.69610868647959,0.00737603865942458,329.256507196014,1.26512625594363,8.09378157998567,"Welch Two Sample t-test","two.sided"
"173","MAPKBP1",7.9343100135839,1.1520200299675,6.88730213641141,30.1888229427305,2.45092947057048,6.7822899836164,3.98991238709014,8.03232756389713e-05,354.722593342727,3.43922048295928,10.1253594842735,"Welch Two Sample t-test","two.sided"
"174","CERS6",8.00652255079043,1.16526312231385,6.87099968880159,41.4729288399458,1.45299489462909,6.84125942847658,2.98376716327144,0.00305661482669375,334.51748919294,2.331084875394,11.3514339815592,"Welch Two Sample t-test","two.sided"
"175","OCEL1",5.42625984226177,0.791901137049245,6.85219352314724,20.0281667169361,0.563583974723836,4.63435870521252,4.19180903126954,3.55141483784884e-05,332.59492020523,2.45955786190763,6.80915954851741,"Welch Two Sample t-test","two.sided"
"176","STARD10",6.34090639046692,0.930923991136447,6.81141151247602,29.709453420916,0.169844940494265,5.40998239933047,3.30756460970999,0.00104515293579853,329.150886730701,2.19235725312723,8.62760754553372,"Welch Two Sample t-test","two.sided"
"177","GCLC",15.3019805132404,2.24749491017404,6.80846058603776,71.4720761323816,9.33871021279592,13.0544856030664,3.13542327876415,0.00185171463361818,374.151108925246,4.86759854929679,21.2413726568359,"Welch Two Sample t-test","two.sided"
"178","CPE",9.92196542759692,1.45934372363395,6.79892287670927,56.0017945590226,3.36582163846548,8.46262170396298,2.71094813861963,0.00704534510771007,344.316142196884,2.32272498605873,14.6025184218672,"Welch Two Sample t-test","two.sided"
"179","C14orf28",5.75097294018689,0.848547122807493,6.77743496573212,32.0735227691568,0.0913204409445283,4.9024258173794,2.77657224604354,0.0058081678589039,329.037446272444,1.42905991463755,8.37579172012124,"Welch Two Sample t-test","two.sided"
"180","MAL",5.60493138289041,0.828629614954263,6.76409735029779,24.2063130799911,3.28313459919627,4.77630176793615,3.37319831113558,0.000820515591743117,374.761326527552,1.9920865523643,7.56051698350799,"Welch Two Sample t-test","two.sided"
"181","WNT10A",6.27628109771195,0.930532170461831,6.74482978336684,29.6556616934938,0.151920543511436,5.34574892725012,3.27429572135969,0.00117190361612301,329.121175107659,2.13402111067486,8.55747674382537,"Welch Two Sample t-test","two.sided"
"182","MIR3198-2",5.87657840676909,0.873894449614388,6.72458602908185,18.093674642233,0.746650470845336,5.0026839571547,4.99289437911479,9.56633064797426e-07,336.570165947529,3.03178984464904,6.97357806966037,"Welch Two Sample t-test","two.sided"
"183","NTRK2",6.52396208344703,0.972548959271669,6.70810659067771,36.6366221337954,0.458248320458522,5.55141312417536,2.75110201084666,0.00626768473519617,329.720342740355,1.58185635643191,9.52096989191881,"Welch Two Sample t-test","two.sided"
"184","TSEN2",6.3515296507157,0.947112682341651,6.70620272448692,31.0985006308816,1.06032569004584,5.40441696837405,3.14413459160167,0.00181513209214486,334.2334875535,2.02321369411653,8.78562024263156,"Welch Two Sample t-test","two.sided"
"185","CD80",59.7334438521,8.90951597557739,6.70445443005437,138.079913748671,24.0727868201574,50.8239278765226,6.07003948173865,3.20328688733571e-09,365.38819141265,34.3587766425931,67.2890791104521,"Welch Two Sample t-test","two.sided"
"186","AGMAT",6.02364506831534,0.899831081402811,6.69419538045368,26.4654135615964,0.872991284608294,5.12381398691252,3.50363613284253,0.000521486354376037,333.906764242511,2.24708159649062,8.00054637733443,"Welch Two Sample t-test","two.sided"
"187","CABLES1",6.47719101425375,0.970251372174942,6.67578650235176,30.4926878212432,0.174488274997054,5.50693964207881,3.28036115420782,0.00114777182999106,329.151173491408,2.20448709244097,8.80939219171665,"Welch Two Sample t-test","two.sided"
"188","MARK4",6.09892655571285,0.921405500942663,6.61915578914302,31.4507133848875,0.659578607134166,5.17752105477019,2.98592440534088,0.00303794741857647,331.012515848852,1.76651898230619,8.58852312723419,"Welch Two Sample t-test","two.sided"
"189","PLEKHM2",12.2566627524331,1.85555851842534,6.60537656491388,55.1387681067957,6.01579942832454,10.4011042340077,3.29192095101456,0.00109137983582899,367.911468189,4.18799246091817,16.6142160070973,"Welch Two Sample t-test","two.sided"
"190","RND1",6.22801460231285,0.943628082677092,6.60007339400481,30.133208169739,0.0664986930030529,5.28438651963576,3.18565506074575,0.00158258644068594,329.02249737068,2.02118132320571,8.5475917160658,"Welch Two Sample t-test","two.sided"
"191","EID2B",5.70623100820555,0.87209725532115,6.54311313719734,31.6163946436991,0.125722384300333,4.83413375288441,2.77740479730204,0.00579362082230371,329.073028792805,1.41018077359012,8.25808673217869,"Welch Two Sample t-test","two.sided"
"192","DLG5",6.02041093389448,0.920498644021439,6.54038001358996,23.4595899281258,0.109411569947046,5.09991228987304,3.94880874585697,9.60953240593435e-05,329.100443883646,2.5592626199493,7.64056195979679,"Welch Two Sample t-test","two.sided"
"193","B4GAT1",5.80694834820425,0.888107977495421,6.53856118327029,30.6611663901933,0.102231643111169,4.91884037070883,2.91416459599131,0.00381064218279693,329.051348883421,1.59838943360594,8.23929130781171,"Welch Two Sample t-test","two.sided"
"194","ACYP2",5.13193275671059,0.785110418142408,6.53657452266762,21.69669373104,0.250983109256421,4.34682233856818,3.6377376723573,0.000319102238412109,329.616430507975,1.99618202203078,6.69746265510558,"Welch Two Sample t-test","two.sided"
"195","ATPAF1",15.3348504778531,2.35486567692309,6.51198521772585,44.7809760575493,6.34086151611136,12.97998480093,4.92989424189184,1.23781052929007e-06,374.998111055148,7.80286026943388,18.1571093324262,"Welch Two Sample t-test","two.sided"
"196","MTSS1",9.10237697419975,1.40111397918432,6.49652855472817,44.6009449439767,5.15892665710436,7.70126299501543,2.99901252870553,0.00289160466262371,370.341226048878,2.65170474023313,12.7508212497977,"Welch Two Sample t-test","two.sided"
"197","LARP1B",4.95560815207288,0.77065175254872,6.43041183736177,24.607819438681,0.0956583916409558,4.18495639952416,3.08924062967869,0.00217768919426057,329.069791102906,1.52001584309057,6.84989695595775,"Welch Two Sample t-test","two.sided"
"198","EVI5",9.70377832951051,1.51293311512566,6.41388454816426,45.2423850071089,4.12322525593208,8.19084521438485,3.19692317568719,0.0015120567565827,359.741469505018,3.15226487981449,13.2294255489552,"Welch Two Sample t-test","two.sided"
"199","ZNF526",7.11090555305272,1.1106712708876,6.40234940746238,30.3597536362776,1.82828677426294,6.00023428216512,3.54541398909733,0.000446184091176943,344.371000479695,2.67150591013844,9.32896265419179,"Welch Two Sample t-test","two.sided"
"200","ANK1",9.80192034519087,1.53171556094507,6.39930845851243,39.8128066044633,3.23860228765715,8.2702047842458,3.68883286208995,0.0002605966711426,354.803625933305,3.86100927886726,12.6794002896243,"Welch Two Sample t-test","two.sided"
"201","NT5C3B",10.4514669536954,1.63812874937883,6.38012546795148,45.6849992176091,6.23176486378412,8.81333820431653,3.29579930032611,0.0010750472846116,374.823537326691,3.55519555120568,14.0714808574274,"Welch Two Sample t-test","two.sided"
"202","MTRF1",7.37691405739495,1.16177498288799,6.3496926393243,30.6976766107562,4.08899944574653,6.21513907450697,3.46822802918462,0.000584808919796464,374.508068039949,2.69145407333982,9.73882407567412,"Welch Two Sample t-test","two.sided"
"203","ZNF251",5.57173394956963,0.877571718484233,6.34903544885573,27.3223310314084,0.178168990197027,4.6941622310854,3.12055967534821,0.00196481969722487,329.196277893397,1.7349690792323,7.6533553829385,"Welch Two Sample t-test","two.sided"
"204","INTS6",11.5290809077863,1.82400432516842,6.32075305343464,32.5482864558563,5.79065260579706,9.70507658261784,4.89948273922453,1.45003963120542e-06,363.18836324901,5.80972653790478,13.6004266273309,"Welch Two Sample t-test","two.sided"
"205","FAM221A",5.10342275774807,0.809105774045809,6.30748527751716,22.2195070528119,0.14546481072308,4.29431698370226,3.51035721667861,0.000509855333730967,329.197827445219,1.88779136802529,6.70084259937922,"Welch Two Sample t-test","two.sided"
"206","SLC29A1",22.8456188602012,3.67428871803459,6.21769833929152,67.4741481556391,18.9317018201555,19.1713301421666,4.14211824389482,4.71632549402915e-05,249.037451359583,10.0555561439524,28.2871041403809,"Welch Two Sample t-test","two.sided"
"207","BPGM",32.1657219418307,5.19134830869126,6.19602462196179,82.0444570718534,19.3895609771001,26.9743736331395,5.06192715539709,7.20676365226721e-07,303.650716384957,16.4881764425824,37.4605708236965,"Welch Two Sample t-test","two.sided"
"208","PGP",8.56002563957698,1.39107856683383,6.15351702173087,33.3161796757345,4.17466727481036,7.16894707274314,3.70978043007465,0.000238986158777022,373.106411827031,3.36909816720582,10.9687959782805,"Welch Two Sample t-test","two.sided"
"209","NBR2",4.99000816429825,0.813463704278879,6.1342726639805,23.0203256652615,0.186875071521984,4.17654446001937,3.29505118785014,0.00109119803006799,329.304020283026,1.68308604537558,6.67000287466317,"Welch Two Sample t-test","two.sided"
"210","PFKM",4.91132950121659,0.800676361928127,6.13397589181914,23.4191439738605,0.45368335887507,4.11065313928846,3.18438343645247,0.00158861429246866,330.719687639395,1.57128418887246,6.65002208970446,"Welch Two Sample t-test","two.sided"
"211","CASZ1",5.22774664610116,0.85319141163907,6.12728465709483,25.8144007501816,0.149482975360649,4.37455523446209,3.07806444197592,0.00225858472463591,329.154805552446,1.57876805518638,7.17034241373779,"Welch Two Sample t-test","two.sided"
"212","B3GAT1",8.56051730079756,1.3996990270834,6.11597003009668,42.7416436224088,2.21205681442289,7.16081827371416,3.01524472488255,0.00276052676002314,340.629334308564,2.48955855855949,11.8320779888688,"Welch Two Sample t-test","two.sided"
"213","ZNF570",5.91824035729375,0.968120702584178,6.11312240456831,30.6640590128527,1.05484843384728,4.95011965470957,2.92042630579114,0.0037329478403435,334.3248110453,1.61591253348748,8.28432677593166,"Welch Two Sample t-test","two.sided"
"214","MKS1",10.2760506773146,1.68154409550257,6.11108011071415,41.5119754762905,5.24491633992569,8.594506581812,3.5664454077095,0.000408925148154977,373.339430539168,3.85597646040481,13.3330367032192,"Welch Two Sample t-test","two.sided"
"215","SIRT5",7.52212219226944,1.23592635888434,6.0862219971258,34.7604280387715,3.52746142752758,6.28619583338511,3.17249192582964,0.00163960074522257,364.661520316695,2.38965464860539,10.1827370181648,"Welch Two Sample t-test","two.sided"
"216","MED9",12.0414785646042,1.98073186617146,6.07930773986037,47.0270920911852,6.31020989281115,10.0607466984327,3.66175557486809,0.00028651560497365,374.62082080464,4.65825248939504,15.4632409074704,"Welch Two Sample t-test","two.sided"
"217","TNFRSF9",240.812724233639,39.8532496818063,6.04248652635156,292.005412697361,64.4014976475993,200.959474551833,10.7938082088672,2.14231560961631e-23,322.804369465669,164.33147233436,237.587476769306,"Welch Two Sample t-test","two.sided"
"218","ALG14",5.17572906856918,0.856665488126697,6.04171539568746,28.1363486885343,0.120641413867674,4.31906358044248,2.78837256652582,0.00560546798839234,329.084903736608,1.27196118253234,7.36616597835262,"Welch Two Sample t-test","two.sided"
"219","FAM69A",17.5660369179079,2.90957544953795,6.03731960987554,49.099208654534,6.53698427223855,14.6564614683699,5.11375639035109,5.05073934837473e-07,374.500219924355,9.02082468215489,20.292098254585,"Welch Two Sample t-test","two.sided"
"220","PRKCA",4.12872617764977,0.684279390503184,6.0336848295456,22.8262764619072,1.25325404147061,3.44444678714659,2.71264745582758,0.00701240449892325,341.978457275848,0.946898210856666,5.94199536343651,"Welch Two Sample t-test","two.sided"
"221","SPOPL",9.27417516991829,1.53821299847425,6.02918788172857,47.6484969370819,5.06474690795502,7.73596217144405,2.83886758024496,0.00477944475280994,366.761311413845,2.37734399506237,13.0945803478257,"Welch Two Sample t-test","two.sided"
"222","SNRNP48",13.2060840833186,2.19456698637411,6.01762633144218,53.6305538306351,10.4956968696707,11.0115170969444,3.31112579546864,0.00102628389362156,349.152452805867,4.47076624571354,17.5522679481753,"Welch Two Sample t-test","two.sided"
"223","KDM1A",8.36023874652274,1.38945321559673,6.01692712836846,27.6326481160052,2.96742004682614,6.97078553092601,4.40767107133589,1.37360084040018e-05,367.216473211054,3.86082861592075,10.0807424459313,"Welch Two Sample t-test","two.sided"
"224","CDRT4",5.29741003721838,0.884644873654304,5.98817694532695,27.026454171731,0.413227916697582,4.41276516356408,2.9636204277976,0.00326141589646104,330.074574208809,1.48368213182953,7.34184819529862,"Welch Two Sample t-test","two.sided"
"225","NTAN1",11.6283875193292,1.94814427149215,5.96895604165013,30.9122276754388,6.64267017285463,9.68024324783702,4.94347949236487,1.22457349806322e-06,329.324989918688,5.82811606079635,13.5323704348777,"Welch Two Sample t-test","two.sided"
"226","FUBP3",14.0559192317736,2.35571984782997,5.96671936381636,55.9353309763644,8.49515746765638,11.7001993839437,3.52508758429281,0.000475849931547321,374.029256202655,5.17371920265957,18.2266795652278,"Welch Two Sample t-test","two.sided"
"227","ITGAX",10.169479050117,1.70671501293473,5.95851033889386,41.7452546615189,5.6275918571572,8.46276403718222,3.46804528043294,0.000585164449170877,374.685337278873,3.66453828884116,13.2609897855233,"Welch Two Sample t-test","two.sided"
"228","RAD51C",12.8297774054899,2.15977131447874,5.94034068305347,42.2308224919946,7.2476932137885,10.6700060910112,4.17805282286034,3.67847962181367e-05,366.91482977768,5.64804030015401,15.6919718818683,"Welch Two Sample t-test","two.sided"
"229","ZNF528",5.35932954348722,0.902301793781335,5.93961973745783,24.7765643719094,0.662298187393881,4.45702774970589,3.25967668816909,0.00123085879007127,332.249632181541,1.76732804211589,7.14672745729589,"Welch Two Sample t-test","two.sided"
"230","RRAS2",4.92462302258317,0.830324881727549,5.93095923168911,22.8137185653733,0.37671508045492,4.09429814085562,3.25705452268687,0.00124264994698675,330.252273762939,1.62145241817983,6.56714386353142,"Welch Two Sample t-test","two.sided"
"231","FAM8A1",4.42635618776793,0.747966354198035,5.9178546774525,22.3737048905169,0.193011883589464,3.6783898335699,2.98581834855968,0.00304006168846466,329.343269166382,1.25489908358774,6.10188058355206,"Welch Two Sample t-test","two.sided"
"232","ARMC5",6.75930098444246,1.14259922493284,5.91572341110221,35.06248367061,2.76597964666212,5.61670175950962,2.84845209561472,0.00465026948270865,353.551456488215,1.73868413013617,9.49471938888307,"Welch Two Sample t-test","two.sided"
"233","PFAS",5.91527650364266,1.0015149675981,5.90632860717904,29.801189422647,0.831832161703336,4.91376153604456,2.9871208975205,0.00302541487988584,332.538204956955,1.67787799635196,8.14964507573716,"Welch Two Sample t-test","two.sided"
"234","BIK",5.01094903303153,0.849199266594103,5.90079293536018,25.1846930818672,0.0531335121799814,4.16174976643743,3.00185344108596,0.00288870219902637,329.020561933158,1.43443637283231,6.88906316004254,"Welch Two Sample t-test","two.sided"
"235","ACAD11",12.250817707643,2.076310193515,5.90028298560898,36.244257869264,9.04577287759456,10.174507514128,4.25353397236401,2.8507362262986e-05,287.034049732696,5.4663970167744,14.8826180114817,"Welch Two Sample t-test","two.sided"
"236","L2HGDH",4.87319875689853,0.827263481622971,5.89074565135889,27.7230682926429,0.0277812969661883,4.04593527527556,2.65114251887419,0.00841012710174728,329.004639327165,1.0437706736703,7.04809987688082,"Welch Two Sample t-test","two.sided"
"237","IL1R2",245.189886349956,41.8721194553503,5.85568367542059,407.2316602846,75.3640401208831,203.317766894605,8.14324665149674,6.46165527729084e-15,358.135891467555,154.216128669882,252.419405119329,"Welch Two Sample t-test","two.sided"
"238","CYB5D2",4.67064463366217,0.798527218314269,5.84907380304724,22.0742532350475,0.25670474497524,3.8721174153479,3.18502889068665,0.00158565206619247,329.622966306235,1.48056018404149,6.26367464665432,"Welch Two Sample t-test","two.sided"
"239","ACAP3",5.99808385616264,1.02650782591285,5.84319350008721,18.0835024513226,2.18892151586298,4.97157603024978,4.75559968092918,2.83427632522935e-06,372.01466944151,2.91591215695568,7.02723990354389,"Welch Two Sample t-test","two.sided"
"240","RGS12",5.31772249085912,0.913518464624328,5.8211439579888,26.2161384722383,0.0228555622211015,4.40420402623479,3.05178910627994,0.00245998883640752,329.003511407395,1.56522907517187,7.24317897729771,"Welch Two Sample t-test","two.sided"
"241","HAUS8",5.98532812487713,1.02823570280832,5.82096897484691,26.8398410367522,1.53141267717571,4.95709242206881,3.31738858749066,0.00100603130672612,342.931027011477,2.01799349074196,7.89619135339567,"Welch Two Sample t-test","two.sided"
"242","RASAL1",9.23715360684539,1.58867724219389,5.81436767740771,39.3394676832038,3.71370704365193,7.6484763646515,3.42629223383474,0.000682290860390974,361.341688459061,3.25856548734852,12.0383872419545,"Welch Two Sample t-test","two.sided"
"243","NSMF",4.96959795198363,0.85665947886792,5.8011357774865,28.5253106540463,0.159330973072604,4.11293847311571,2.61897430586603,0.0092275335465607,329.144041865034,1.02357547933188,7.20230146689954,"Welch Two Sample t-test","two.sided"
"244","MAFF",6.96104346032822,1.20300190528964,5.78639437703321,29.693118368886,1.93613251595694,5.75804155503858,3.47127107592771,0.000583450856587803,346.725951727064,2.49552317995075,9.0205599301264,"Welch Two Sample t-test","two.sided"
"245","SPRED2",8.81743869345299,1.52841017495459,5.76902642886093,33.2404728104159,4.44024319569157,7.2890285184984,3.75515940298016,0.000200771389673157,374.553128838955,3.47226745336397,11.1057895836328,"Welch Two Sample t-test","two.sided"
"246","TDRD7",4.49764589235926,0.783929368677576,5.73731010989729,23.9953488151358,0.100819104016197,3.71371652368168,2.81132942744386,0.00522947897905303,329.081528197294,1.11508153996339,6.31235150739997,"Welch Two Sample t-test","two.sided"
"247","COPRS",5.35113841944166,0.93679006619422,5.71220662189669,27.3560786532419,0.22204870176943,4.41434835324744,2.930686065054,0.00361848983610432,329.303956658122,1.45126076515968,7.37743594133521,"Welch Two Sample t-test","two.sided"
"248","PPP4R1L",5.357808419042,0.937993021977425,5.71199176700373,28.8496181451526,0.555353635363422,4.41981539706457,2.7794367122814,0.00575678105306442,330.6982054828,1.29166393031452,7.54796686381462,"Welch Two Sample t-test","two.sided"
"249","SULF2",5.15860975288826,0.904023682044361,5.70627723072759,26.4980323124556,0.145260000506247,4.2545860708439,2.91645208315059,0.00378345437782869,329.138747350296,1.38479381598553,7.12437832570227,"Welch Two Sample t-test","two.sided"
"250","LFNG",8.60487134763463,1.51244373870899,5.68938277001938,28.9120381860856,4.25088171390438,7.09242760892564,4.15229561052296,4.07902135575443e-05,374.710876112168,3.73381622381759,10.4510389940337,"Welch Two Sample t-test","two.sided"
"251","ORAI3",7.0819189169426,1.24977027390453,5.666576541957,29.3188341553223,2.36994374937279,5.83214864303806,3.53344608265373,0.000464462729302641,354.542699625403,2.58603828780633,9.0782589982698,"Welch Two Sample t-test","two.sided"
"252","UBE2D4",13.1265465749701,2.3217564204855,5.65371391208437,48.4572565811449,9.95489717872578,10.8047901544846,3.55759996773211,0.000427466015352203,339.595821348152,4.83089130515468,16.7786890038145,"Welch Two Sample t-test","two.sided"
"253","DENND6B",9.99112022617702,1.76757708358974,5.65243819855722,32.2040202873203,6.10125480389061,8.22354314258727,4.14572317361164,4.24187597507306e-05,354.629962710043,4.32240369536748,12.1246825898071,"Welch Two Sample t-test","two.sided"
"254","OSM",6.28884733073425,1.11410636628119,5.64474588878436,33.1261927030273,1.50811193518027,5.17474096445305,2.81732390143358,0.00512720464155246,338.133116193031,1.56183053426581,8.7876513946403,"Welch Two Sample t-test","two.sided"
"255","POGLUT1",18.1966563650588,3.23554368289299,5.62398723320236,45.5293489278346,12.8724549003692,14.9611126821658,4.77741830306269,3.05087096117701e-06,246.526843424916,8.79294718285747,21.1292781814741,"Welch Two Sample t-test","two.sided"
"256","CD72",5.5783664746882,0.993053940182493,5.61738516808369,31.9447123013639,0.995030235863803,4.58531253450571,2.59867929037413,0.00977391308477785,333.387075065753,1.11439876257686,8.05622630643455,"Welch Two Sample t-test","two.sided"
"257","RAB3D",8.39092706208565,1.49479121026759,5.61344420842797,39.5063124284848,4.31336806031225,6.89613585181806,3.04608563035473,0.00248560793947355,367.942868595509,2.44426359541756,11.3480081082186,"Welch Two Sample t-test","two.sided"
"258","FBXL8",4.15937319303675,0.743571060203835,5.59378036027457,16.721853906126,0.0626475398304377,3.41580213283291,3.71059753520958,0.000242683877616845,329.064826035452,1.60489072602305,5.22671353964278,"Welch Two Sample t-test","two.sided"
"259","C15orf39",4.59725090734131,0.826608463371192,5.56158218921707,23.3875322406114,0.0394919879618636,3.77064244397012,2.92875858946913,0.00364063392566843,329.013172385181,1.23796210537136,6.30332278256889,"Welch Two Sample t-test","two.sided"
"260","ERGIC1",6.46400942881155,1.16401516821214,5.55320034079958,34.0282543318847,2.5724588097685,5.29999426059941,2.77427541767311,0.00582761947488299,351.88082519385,1.54274296412662,9.05724555707219,"Welch Two Sample t-test","two.sided"
"261","RIPK2",8.16572453137994,1.47138776252648,5.54967544201862,35.9203539347624,4.09555749377274,6.69433676885346,3.2408313874785,0.00129992887652775,369.767499063441,2.63249462210049,10.7561789156064,"Welch Two Sample t-test","two.sided"
"262","PPM1F",4.64837066783491,0.840841820934716,5.52823438618643,22.8681297835822,0.520925558187272,3.8075288469002,3.01911606319275,0.00273186378333347,331.370260011532,1.3266783618375,6.2883793319629,"Welch Two Sample t-test","two.sided"
"263","TTC7B",9.14913762883312,1.65556443054551,5.5262951172601,48.8196864266854,4.15928991015773,7.49357319828762,2.71992541048203,0.00684919698273902,356.761485532071,2.07536270597298,12.9117836906023,"Welch Two Sample t-test","two.sided"
"264","SNORD35B",4.03144954975909,0.731672913684042,5.50990678260913,12.3263945125807,0.0648521669319931,3.29977663607505,4.86254071110197,1.79845348285672e-06,329.127808281386,1.96481330465791,4.63473996749219,"Welch Two Sample t-test","two.sided"
"265","TMEM241",5.01684330431992,0.910601619261395,5.50937226356919,22.8916862154184,0.145116866322718,4.10624168505853,3.25808515772104,0.00123867595388085,329.185500392641,1.62693735381901,6.58554601629805,"Welch Two Sample t-test","two.sided"
"266","TBC1D7",13.9209853758078,2.53344714850143,5.4948789375939,47.8143978364085,12.5730959694365,11.3875382273064,3.54970932446774,0.000454684439393814,270.311556574845,5.07165659927204,17.7034198553408,"Welch Two Sample t-test","two.sided"
"267","FAM174B",7.73030163743473,1.408181900135,5.4895618504212,39.5682180542977,2.69382732217264,6.32211973729973,2.85640011561978,0.00454202049736554,348.125046222396,1.96896341887609,10.6752760557234,"Welch Two Sample t-test","two.sided"
"268","PEMT",6.0797719580373,1.10923192179381,5.48106472468384,23.7104960352956,1.85671686285984,4.97054003624349,3.72877560612347,0.000224039464674146,353.256633203985,2.34888281475347,7.59219725773351,"Welch Two Sample t-test","two.sided"
"269","RELB",18.5600022593221,3.39533331183608,5.4663270302866,37.1221405093567,11.4762820465853,15.164668947486,5.74067091647752,3.14284877294675e-08,217.667655431961,9.95824166157625,20.3710962333958,"Welch Two Sample t-test","two.sided"
"270","ANGEL1",8.9767463243044,1.64659996469373,5.4516862120631,37.789616430015,5.04757075996645,7.33014635961067,3.3217686470131,0.000982495149958605,374.552064601874,2.99107323076221,11.6692194884591,"Welch Two Sample t-test","two.sided"
"271","SMCR8",5.36928913462026,0.990218282623942,5.4223288226838,29.251810352195,1.45136002433657,4.37907085199631,2.69627971583652,0.00736108674075062,339.74563787822,1.18448191580782,7.57365978818481,"Welch Two Sample t-test","two.sided"
"272","C10orf143",5.67690923835993,1.04773550306309,5.41826560402247,26.6494316440028,1.81244134826567,4.62917373529684,3.10550640220759,0.00205543167627556,348.090653983152,1.69739096047969,7.56095651011399,"Welch Two Sample t-test","two.sided"
"273","DHRS3",2.59466390688147,0.480181007309271,5.40351214934731,12.7860790081701,0.136096289606704,2.1144828995722,3.00297069445024,0.00287808619387527,329.522148212512,0.729325236131593,3.49964056301281,"Welch Two Sample t-test","two.sided"
"274","FGFR1OP",15.0538945485607,2.79369318544837,5.38852821310963,41.8416540345006,9.04098659269057,12.2602013631123,4.61930664159456,5.53895074580768e-06,327.97669782839,7.03895146609714,17.4814512601274,"Welch Two Sample t-test","two.sided"
"275","ZNF432",7.37409693852343,1.37776549548645,5.3522148454733,40.1662280317822,2.43624981422496,5.99633144303698,2.677587589238,0.00777042730038373,344.571830161666,1.59161297987467,10.4010499061993,"Welch Two Sample t-test","two.sided"
"276","USP42",9.98229150956216,1.86538827537999,5.35132103128969,28.1722679177541,5.87637475740022,8.11690323418217,4.58077969120614,6.53488917387694e-06,336.268893018815,4.63140416384544,11.6024023045189,"Welch Two Sample t-test","two.sided"
"277","PPP1R3F",11.6930390504109,2.18729861978032,5.34588141951342,43.3080683888083,6.35574077796049,9.50574043063062,3.71616373459397,0.00023310142078287,374.737046075731,4.4760168246444,14.5354640366168,"Welch Two Sample t-test","two.sided"
"278","LINC00641",4.33639662531357,0.811636039685989,5.34278471294998,22.9130495983488,0.302817781505202,3.52476058562758,2.79278538906385,0.00553067005414258,329.803883015849,1.04198870441561,6.00753246683954,"Welch Two Sample t-test","two.sided"
"279","STAC",22.0474572222406,4.14381264528597,5.32057289011893,88.7119193063139,15.6266662839057,17.9036445769546,3.32213368919696,0.000983794258876391,364.299573555849,7.30579699915875,28.5014921547504,"Welch Two Sample t-test","two.sided"
"280","CENPH",4.59428429346123,0.864294456529219,5.31564706767954,25.3292211835326,0.417407860819675,3.72998983693201,2.67257025701583,0.00790083450495841,330.247249900978,0.98449185620553,6.47548781765848,"Welch Two Sample t-test","two.sided"
"281","ATF3",7.22931688160578,1.36325235952421,5.30299238515817,35.0094475118747,3.52872306444602,5.86606452208158,2.94074002309338,0.00348339429129077,364.35080681157,1.94338050034977,9.78874854381338,"Welch Two Sample t-test","two.sided"
"282","GEM",68.5928698458577,12.9736503274382,5.28709099711048,194.727481654757,45.4294523651853,55.6192195184195,4.41343410737626,1.40992813398532e-05,307.41086643694,30.8216263695181,80.4168126673209,"Welch Two Sample t-test","two.sided"
"283","CCDC136",4.92991647068735,0.933206634755366,5.28277048949581,27.5914502646123,0.308253655167001,3.99670983593198,2.63023676823417,0.00893299120509603,329.575088477412,1.00751899045749,6.98590068140647,"Welch Two Sample t-test","two.sided"
"284","ABHD8",4.89719579871151,0.927291547569881,5.28118239786118,19.2470414061158,0.403353464435841,3.96990425114163,3.74114425129716,0.000215860889798325,331.009633764468,1.88246180497744,6.05734669730582,"Welch Two Sample t-test","two.sided"
"285","NTRK1",26.7279354919001,5.08387372514275,5.2573956272192,80.5843787411735,27.4547252953226,21.6440617667573,3.6216676070165,0.000376213519169923,188.468527380847,9.85508768331414,33.4330358502005,"Welch Two Sample t-test","two.sided"
"286","LRRC8B",30.1091418985356,5.72750524800848,5.25693833436554,71.380581483047,22.4866909349559,24.3816366505271,4.76348328699685,3.52865635706448e-06,211.786507520528,14.2920084941501,34.4712648069042,"Welch Two Sample t-test","two.sided"
"287","CAMKMT",6.9186606779907,1.31834453623735,5.24799131624352,23.7429506167324,3.79298862493625,5.60031614175335,3.9458741860891,9.50527100518751e-05,372.033796433066,2.80949152731211,8.39114075619459,"Welch Two Sample t-test","two.sided"
"288","CCDC137",11.2496441389138,2.14831914140039,5.23648648011426,33.5638239126996,7.14480003849581,9.10132499751344,4.29047280804319,2.34235625083017e-05,331.585884341931,4.92844753857535,13.2742024564515,"Welch Two Sample t-test","two.sided"
"289","RPL36A",7.58373462617493,1.45314991037882,5.21882468698493,31.9904306812106,2.65270499194766,6.13058471579611,3.40016850830624,0.000749924768496811,355.606004457006,2.58465458354665,9.67651484804557,"Welch Two Sample t-test","two.sided"
"290","GMEB2",8.56302827699915,1.64272899786331,5.21268467783612,30.1346641191069,3.66622210280918,6.92029927913585,3.97050425289892,8.60950854668914e-05,372.185999069646,3.49308020741731,10.3475183508544,"Welch Two Sample t-test","two.sided"
"291","ZNF92",14.2561416516873,2.73677743166378,5.20909792909997,53.7048314961685,15.0945702910505,11.5193642200235,3.12502640376655,0.00198910605793488,248.465795954679,4.25924932206699,18.7794791179801,"Welch Two Sample t-test","two.sided"
"292","UBA5",19.2766380401136,3.70424724166217,5.20392856699916,50.3458633358232,11.6923041858628,15.5723907984514,4.7853586187831,2.65003729265439e-06,308.716018557824,9.16922370983584,21.975557887067,"Welch Two Sample t-test","two.sided"
"293","KAT14",12.4812246453974,2.4020509348463,5.19606993520978,44.0596714024255,7.85927917932805,10.0791737105511,3.75711909798842,0.000200189454082437,362.883516290855,4.80360913366241,15.3547382874398,"Welch Two Sample t-test","two.sided"
"294","CACNB1",5.65707265928741,1.09135672787845,5.18352296254634,21.3046963650711,1.25265908191567,4.56571593140895,3.84664895422897,0.000142705824340581,343.717319840087,2.2311488936833,6.9002829691346,"Welch Two Sample t-test","two.sided"
"295","FAM199X",12.6238912287632,2.4417691756349,5.16997730773663,43.2348779993563,8.30564562739452,10.1821220531283,3.81266055995888,0.000162251387676463,352.375353587911,4.92978641750493,15.4344576887517,"Welch Two Sample t-test","two.sided"
"296","LOC100506801",5.7107235262213,1.10511739806473,5.16752657792002,28.9347539678209,1.49203116755647,4.60560612815657,2.86488585044426,0.00443055296632768,340.550239090192,1.4435195298654,7.76769272644775,"Welch Two Sample t-test","two.sided"
"297","CYP7B1",9.61970496447732,1.86506586453081,5.15783659302418,48.837934649765,5.70881311210156,7.75463909994651,2.75529541248008,0.00615326674733561,370.749294838828,2.22035351013146,13.2889246897616,"Welch Two Sample t-test","two.sided"
"298","DERA",17.7339152218499,3.44631139158973,5.14576693943769,51.4413615324201,10.4811152262715,14.2876038302602,4.43976890540071,1.21760453731443e-05,341.33416957359,7.95780708379137,20.617400576729,"Welch Two Sample t-test","two.sided"
"299","TRIAP1",18.519537572064,3.60137548884065,5.14235120149214,44.8121271895273,15.4715421391725,14.9181620832234,4.46200175098285,1.40876704055507e-05,184.723511034497,8.32204551717485,21.514278649272,"Welch Two Sample t-test","two.sided"
"300","TRIM2",13.3785864662267,2.61459211510594,5.11689237832979,63.5109653179495,11.5709108310957,10.7639943511208,2.77262372455832,0.00584965762115741,360.26814429368,3.12929303393411,18.3986956683075,"Welch Two Sample t-test","two.sided"
"301","ANKS3",5.04164164486066,0.987402087501029,5.10596615976408,27.338027511472,1.88299171674227,4.05423955735963,2.65023155850014,0.00841038341676052,348.517435172288,1.04550088947947,7.0629782252398,"Welch Two Sample t-test","two.sided"
"302","TCF20",7.72996536789369,1.5149876103939,5.10232909817914,37.9323893936088,3.76095564259152,6.21497775749979,2.87867661417001,0.00422960061271461,363.595234397856,1.969341046577,10.4606144684226,"Welch Two Sample t-test","two.sided"
"303","ADCK2",4.98557255789602,0.977192865966697,5.10193302830143,24.9841477090771,1.12565565378045,4.00837969192932,2.89393112759801,0.00405159261442114,337.954118889297,1.28387946829173,6.73287991556691,"Welch Two Sample t-test","two.sided"
"304","GSTT1",5.26845422605504,1.03400321350561,5.09520101798644,28.4773081188631,0.299498342229727,4.23445101254943,2.70014181085808,0.0072888799206711,329.50979119904,1.14943995445064,7.31946207064822,"Welch Two Sample t-test","two.sided"
"305","MAGI1",4.78268796697996,0.939213101702613,5.09222875863833,20.1538514973002,0.0196048600283116,3.84347486527735,3.46434805723991,0.00060188526998201,329.004371640926,1.66099034420868,6.02595938634601,"Welch Two Sample t-test","two.sided"
"306","TVP23C-CDRT4",7.00085809005635,1.3770378892082,5.083998156421,26.049000806434,3.89406547882273,5.62382020084815,3.64626501841829,0.000303729243375529,374.415730158813,2.59106459527223,8.65657580642406,"Welch Two Sample t-test","two.sided"
"307","C5orf24",11.47210516177,2.25704973677939,5.08278793100046,46.2271225329516,10.3189002252393,9.21505542499065,3.1168389186179,0.00199398408166301,319.64813630974,3.39832183330016,15.0317890166811,"Welch Two Sample t-test","two.sided"
"308","RNF11",11.3889309201127,2.24152506766458,5.08088492268289,28.4126855316192,7.58028718643076,9.14740585244814,4.77563940852244,2.96465000626951e-06,265.586787282279,5.37604496911142,12.9187667357849,"Welch Two Sample t-test","two.sided"
"309","GNAT2",4.29438085691754,0.847133703939575,5.06930704910763,19.6399408209867,0.106820143452783,3.44724715297797,3.18818944258967,0.00156914734308467,329.136580985241,1.32020398706983,5.57429031888611,"Welch Two Sample t-test","two.sided"
"310","EBNA1BP2",17.0701070496897,3.37590880016695,5.05644792562095,32.7876333155788,11.0324625874833,13.6941982495227,5.66313741368394,5.35964686218159e-08,192.033819766816,8.92469392084529,18.4637025782002,"Welch Two Sample t-test","two.sided"
"311","PRSS21",4.81429377012098,0.954345280952706,5.04460373641179,22.5680781005505,0.131583463803583,3.85994848916827,3.10664821922887,0.00205687861379913,329.156940954389,1.41574515391988,6.30415182441666,"Welch Two Sample t-test","two.sided"
"312","XXYLT1",3.99640173021243,0.792782651287427,5.04098030364632,19.3166899203807,0.16133623774641,3.203619078925,3.01202658895027,0.00279597910074168,329.321799110876,1.11129395525154,5.29594420259846,"Welch Two Sample t-test","two.sided"
"313","HLF",78.2915302497369,15.5317109131734,5.04075376418017,231.823994464368,68.7302442885693,62.7598193365635,3.86726815161922,0.000143133517663723,231.033361549002,30.7851188771099,94.7345197960172,"Welch Two Sample t-test","two.sided"
"314","CCNJ",4.36900880031129,0.867257129028202,5.03773177997043,23.6224277128613,0.157217388676965,3.50175167128309,2.69246621419,0.00745536247712112,329.204445753816,0.943267390286884,6.06023595227929,"Welch Two Sample t-test","two.sided"
"315","PTP4A3",63.2537114509114,12.5593070639491,5.03640138176717,121.435048743208,33.5565136654199,50.6944043869623,6.11866878441666,3.55031137040187e-09,254.051156566067,34.3779787291998,67.0108300447248,"Welch Two Sample t-test","two.sided"
"316","PDPR",10.0853612136184,2.00443613126813,5.03152036440181,33.3882754515947,4.58208564017644,8.08092508235025,4.13195232837588,4.43969032365502e-05,374.879825455459,4.23537694256652,11.926473222134,"Welch Two Sample t-test","two.sided"
"317","CD151",6.58463866559373,1.31090307914657,5.02297902136325,16.0472963233175,2.76462916223998,5.27373558644716,5.43086605657849,1.02333828748338e-07,366.556623576712,3.36417398414123,7.18329718875308,"Welch Two Sample t-test","two.sided"
"318","EML2-AS1",9.64438605274142,1.92294811498705,5.01541668107169,34.2426759215494,7.2149016939373,7.72143793775436,3.57659395994322,0.000399526095854186,333.982406278295,3.47472120408832,11.9681546714204,"Welch Two Sample t-test","two.sided"
